{
  "total_samples": 50000,
  "train_samples": 22500,
  "val_samples": 2500,
  "test_samples": 25000,
  "train_class_balance": {
    "0": 0.5,
    "1": 0.5
  },
  "avg_text_length": 1325.4875111111112,
  "avg_word_count": 233.85524444444445,
  "avg_unique_words": 149.48466666666667,
  "vocabulary_size": 69982,
  "total_tokens": 5415019,
  "missing_values": 0,
  "duplicate_texts": 75,
  "max_text_length": 13704,
  "min_text_length": 52
}